title,subtitle,author,publisher,genre,width,filename,bookcase,compartment
Blut an den Händen,,Winowska,Paulusverlag,,21,blut_an_den_haenden,A,1
Boris und Lena Nikitin,Die Nikitin-Kinder,Marianna Butenschön,k&w,Ratgeber,25,boris_und_lena_nikitin,A,1
Der Aufmacher,,Günter Wallraff,k&w,,19,der_aufmacher,A,1
Der Gandolfo-Anschlag,,Robert Ludlum,Heyne,Roman,29,der_gandolfo_anschlag,A,1
Der Steppenwolf,,Hesse,suhrkamp,Erzählungen,14,der_steppenwolf,A,1
Der Verehrer,,Charlotte Link,Goldmann,Roman,36,der_verehrer,A,1
Die Girls von Riad,,Rajaa Alsanea,Goldmann,Roman,24,die_girls_von_riad,A,1
Die Maske im See,,Gabriele Beyerlein,,Erzählungen,21,die_maske_im_see,A,1
Die Physiker,,Friedrich Dürrenmatt,Arche,Komödie,10,die_physiker,A,1
Die Umarmung,,Alexandra Cordes,Heyne,Roman,14,die_umarmung,A,1
Doktor Biene,,Paul Uccusic,Ariston Verlag,Wissen,25,doktor_biene,A,1
Effektive Software-Architekturen,,Gernot Starke,Hanser,IT,13,effektive_software_architekturen,A,1
Ein Kuss zu viel,,Gerlis Zillgens,rororo,Jugend,17,ein_kuss_zu_viel,A,1
Ein vergessener Mord,Der Puma und seine Freunde,Stefan Wolf,Bastei Lübbe,Jugend,24,ein_vergessener_mord,A,1
Enthüllung,,Michael Crichton,Knaur,Roman,32,enthuellung,A,1
Erbarmen,,Adler Olsen,dtv,Thriller,32,erbarmen,A,1
Es begann im Tanger,,Hammond Ines,Bastei Lübbe,Roman,14,es_begann_im_tanger,A,1
Flutwelle,,Uta Danella,Hoffmann und Campe,Roman,54,flutwelle,A,1
Freyas Töchter,,Dagmar Trodler,Blanvalet,Roman,38,freyas_toechter,A,1
Generation X,,Douglas Coupland,Aufbau-Verlag,Roman,23,generation_x,A,1
"Grundkurs Programmieren in Java,Mit kostenlosem E-Book,""Ratz, Scheffler, Seese, Wiesenberger"",Hanser,IT,43,grundkurs_programmieren_in_java,A,1"
Human-Computer Interaction,,MacKenzie,Morgan Kaufmann,IT,16,human_computer_interaction,A,1
Ich denke oft an dich,Liebesroman,Lena Körber,Flamingo,Roman,16,ich_denke_oft_an_dich,A,1
Julka und der Pferdedieb,,Vladimir Carin,Xenos,Kinder,14,julka_und_der_pferdedieb,A,1
Lesevergnügen,,,Langen Müller,Geschichten,19,lesevergnuegen,A,1
Ludolf Ursleu,,Ricarda Huch,Fischer,Roman,12,ludolf_ursleu,A,1
Maria, ihm schmeckt´s nicht!,,Jan Weiler,Ullstein,,21,maria_ihm_schmeckts_nicht,A,1
Meteor,,Dan Brown,Bastei Lübbe,Thriller,39,meteor,A,1
Night Vision,,Ronald Munson,Wiener Verlag,,44,night_vision,A,1
Schnee an der Riviera,,Rosa Cerrato,Aufbau-Verlag,Krimi,22,schnee_an_der_riviera,A,1
Tante Inge haut ab,,Dora Heldt,BB,Roman,27,tante_inge_haut_ab,A,1
"The C Programming Language,Second Edition,""Kernighan, Ritchie"",PH PTR,IT,15,the_c_programming_language,A,1"
Transeuropalauf 2003,,Ingo Schulze,Engelsdorfer Verlag,Bibliographie,15,transeuropalauf_2003,A,1
UbiComp 2007: Ubiquitous Computing,UbiComp 2007,Krumm et al. (Eds.),Springer,IT,31,ubicomp_2007_ubiquitous_computing,A,1
und besiege die Finsternis,,Marie Balter,Bastei Lübbe,Erfahrungen,19,und_besiege_die_finsternis,A,1
Vater unser bestes Stück,Ohne Mutter geht es nicht,Hans Nicklisch,Deutscher Bücherbund Stuttgart,,33,vater_unser_bestes_stueck,A,1
Warten auf Oho,,Robert Rankin,Bastei Lübbe,Roman,22,warten_auf_oho,A,1
Warum Männer nicht zuhören …,,A. & B. Pease,Ullstein,Wissen,25,warum_maenner_nicht_zuhoeren,A,1
An einem Tag wie jeder andere,,Joseph Hayes,Fischer,Roman,12,an_einem_tag_wie_jeder_andere,A,2
Android Design Patterns,Interaction Design Solutions for Developers,Nudelman,Wiley,IT,22,android_design_patterns,A,2
Champagner für Vier,,Doris Jannausch,Bastei Lübbe,Roman,17,champagner_fuer_vier,A,2
Das Paradies ist nebenan,,Cees Nooteboom,suhrkamp,Roman,8,das_paradies_ist_nebenan,A,2
Der neue große Freizeitführer für Deutschland,,,Unterwegs Verlag,Ratgeber,19,der_neue_grosse_freizeitfuehrer_fuer_deutschland,A,2
Der Spuk von Billerbeck,,Pestum,Schneider-Buch,Kinder,14,der_spuk_von_billerbeck,A,2
Der stille Herr Genardy,,Petra Hammesfahr,Wiener Verlag,Roman,33,der_stille_herr_genardy,A,2
Die große Flatter,,Leonie Ossowski,Beltz & Gelberg,Roman,20,die_grosse_flatter,A,2
Die Outsider,,Hinton,dtv pocket,Jugend,17,die_outsider,A,2
"Echt süß!,,""Patti Massmann, Susan Rosser"",Goldmann,Roman,26,echt_suess,A,2"
Es geschah nebenan,,Joyce Egginton,Heyne,Erfahrungen,35,es_geschah_nebenan,A,2
Es ist zum Verrücktwerden mit Alba,Frauen,Tania Kindersley,Bastei Lübbe,Roman,21,es_ist_zum_verruecktwerden_mit_alba,A,2
Familiengeheimnisse,,Marjorie Dorner,Heyne,Roman,24,familiengeheimnisse,A,2
Hartmut und ich,,Oliver Uschmann,Fischer,Roman,19,hartmut_und_ich,A,2
Hurra wir leben noch,,Simmel,Knaur,Roman,37,hurra_wir_leben_noch,A,2
Ich hab mein Herz im Wäschekorb verloren,,Erma Bombeck,Lingen,,26,ich_hab_mein_herz_im_waeschekorb_verloren,A,2
In letzter Minute,,Harold English,Goldmann,Roman,17,in_letzter_minute,A,2
"Interaktive Systeme 1,2. Aufl.,""Dreim, Dachselt"",Springer,IT,29,interaktive_systeme_1,A,2"
Jenseits von Afrika,,Tania Blixen,Heyne,Roman,27,jenseits_von_afrika,A,2
Kein Kind wie alle anderen,,Hayden,dtv,Sachbuch,18,kein_kind_wie_alle_anderen,A,2
Lampenschein und Sternenlicht,,Eric Malpass,Rowohlt,Roman,32,lampenschein_und_sternenlicht,A,2
Leben auf der Überholspur,,Mel Gilden,Heyne,Geschichten,16,leben_auf_der_ueberholspur,A,2
Modeling and Simulating Bodies and Garments,,Magnenat-Thalmann Ed.,Springer,IT,19,modeling_and_simulating_bodies_and_garments,A,2
Nirgendwo ist Poenichen,,Christine Brückner,Ullstein,Roman,20,nirgendwo_ist_poenichen,A,2
Oh, du fröhliche,,Jill Churchill,Econ,Krimi,17,oh_du_froehliche,A,2
Rätselhafte Vergangenheit,,,Moewig,Wissen,10,raetselhafte_vergangenheit,A,2
Robot Builder´s Bonanza,Fourth Edition,McComb,Mc Graw Hill,IT,26,robot_builders_bonanza,A,2
Säule des Himmels,,Cecelia Holland,SP,Roman,30,saeule_des_himmels,A,2
Shampoo Planet,,Douglas Coupland,Goldmann,Roman,22,shampoo_planet,A,2
Springflut,,Max von der Grün,Luchterhand,Roman,25,springflut,A,2
Spuk aus dem …,63,Wolf,Pelikan,Jugend,20,spuk_aus_dem,A,2
Tatwaffe Computer,,Joachim Soyka,Heyne,Wissen,19,tatwaffe_computer,A,2
Terra Magna,,John Knittel,Mohndruck,Roman,41,terra_magna,A,2
The Damned Utd,,David Peace,faber and faber,,25,the_damned_utd,A,2
The Design of Everyday Things,,Don Norman,Basic Books,Wissenschaft,25,the_design_of_everyday_things,A,2
"The Human-Computer Interaction Handbook,""Fundamentals, Evolving Technologies, and Emerging Applications"",Jacko,CRC,IT,64,the_human_computer_interaction_handbook,A,2"
"UbiComp´10,""Proceedings of the 2010 ACM Conference on Ubiquitous Computing, September 26-29, 2010, Copenhagen, Denmark"",,acm,IT,20,ubicomp_10,A,2"
Vom Knast Zur Kanzel,,Dyck/Bühne,Telos,Bibliographie,10,vom_knast_zur_kanzel,A,2
Wir sind nur Menschen,,Konsalik,Bastei Lübbe,Roman,15,wir_sind_nur_menschen,A,2
Wohin mit Nadeschda?,,Heiner Simon,Salzer,Liebesgeschichte,18,wohin_mit_nadeschda,A,2
"3D Imaging, Analysis and Applications,,""Pears, Liu, Bunting Eds."",Springer,IT,26,3d_imaging_analysis_and_applications,A,3"
"ACE 2007,""2007 International Conference on Advances in Computer Entertainment Technology, June 13th-15th, Salzburg, Austria"",,acm,IT,18,ace_2007,A,3"
Arduino Cookbook,Second Edition,Margolis,O´Reilly,IT,37,arduino_cookbook,A,3
Bitte ein Einzelzimmer mit Bad,,Evelyn Sanders,Heyne,Roman,17,bitte_ein_einzelzimmer_mit_bad,A,3
Computer Graphics for Artists II,,Paquette,Springer,IT,16,computer_graphics_for_artists_2,A,3
Dämonendreieck,Mark Mega und Phantom,Thomas Brezina,Schneider-Buch,Kinder,20,daemonendreieck,A,3
Dämonenlicht,,Marion Zimmer Bradley,Heyne,Roman,27,daemonenlicht,A,3
Das Geisterhaus,,Isabel Allende,Viva Maria Book,Roman,21,das_geisterhaus,A,3
Das Jahr der Graugans,,Lorenz,dtv,Sachbuch,10,das_jahr_der_graugans,A,3
Das Leben danach,,Bernard Jakoby,rororo,Sachbuch,15,das_leben_danach,A,3
Das Leuchten des Sanddorns,,Judith Kern,Knaur,Roman,34,das_leuchten_des_sanddorns,A,3
Die stillen Wasser des Todes,,Deborah Crombie,Goldmann,Roman,32,die_stillen_wasser_des_todes,A,3
Ein Pekinese namens Horation,,Seymour,Tosa Verlag,Jugend,22,ein_pekinese_namens_horatio,A,3
Heimatfront,,Franz Kurowski,Manfred Pawlak Verlagsgesellschaft,Geschichte,37,heimatfront,A,3
Herzflimmern,,Barbara Wood,Fischer,Roman,17,herzflimmern,A,3
Ich leb´ nicht mehr in eurer Welt,wahre Schicksale,Sarah Aziz,Weltbild,wahre Schicksale,26,ich_leb_nicht_mehr_in_eurer_welt,A,3
Illustrierte Weltgeschichte,,Johannes Bagusch,Lingen Verlag,Geschichte,48,illustrierte_weltgeschichte,A,3
Karl, das Kind ist weg!,,Bettina Schuler,Cden Books,Ratgeber,19,karl_das_kind_ist_weg,A,3
Lehrbuch,134 a,Ing. W. Müller,Verlag Werner Degener,Schule,13,lehrbuch,A,3
Make: Electronics,Learning by Discovery,Charles Platt,MakerMedia,Technik,15,make_electronics,A,3
Mein Kind hat Asthma,,Zenker,ETB,Ratgeber,14,mein_kind_hat_asthma,A,3
Menschensöhne,,Arnaldur Ingridason,Bastei Lübbe,Krimi,30,menschensoehne,A,3
Nadeschda heisst Hoffnung,,Lois Fisher-Ruge,Fischer,Erfahrungen,16,nadeschda_heisst_hoffnung,A,3
Paper Prototyping,,Snyder,Morgan Kaufmann,IT,25,paper_prototyping,A,3
"Programmieren in C,3. Aufl.,""Klima, Selberherr"",Springer,IT,15,programmieren_in_c,A,3"
Reden an die deutsche Jugend,,Adam Weyer,Jugenddient-Verlag,Geschichte,34,reden_an_die_deutsche_jugend,A,3
Salz auf unserer Haut,,Groult,Knaur,Roman,17,salz_auf_unserer_haut,A,3
Spieler unter sich,,Cornelia Jönsson,Anais,Roman,21,spieler_unter_sich,A,3
Sprengstoff,,Richard Bachman,Heyne,Roman,23,sprengstoff,A,3
Tanz mit dem Engel,,Ake Edwardson,Weltbild,Roman,35,tanz_mit_dem_engel,A,3
Tiramisu,Frauen,Dagmar Scherf,Bastei Lübbe,Roman,15,tiramisu,A,3
Touch of Class,,Bertrand Meyer,Springer,IT,45,touch_of_class,A,3
Traumfrau mit Nebenwirkungen,,Fried,Goldmann,Roman,24,traumfrau_mit_nebenwirkungen,A,3
Über die Köpfe hinweg,,Claus Peter Müller-Thurau,Econ,Sachbuch,16,ueber_die_koepfe_hinweg,A,3
Unheil über der Stadt,,Dean R. Koontz,Heyne,Roman,21,unheil_ueber_der_stadt,A,3
Unter Einfluss,,Campbell,Knaur,Roman,18,unter_einfluss,A,3
Versuchung in Rom,,Marie Louise Fischer,Naumann Göbel,Roman,17,versuchung_in_rom,A,3
Wallanders erster Fall,,Henning Mankel,dtv,Roman,24,wallanders_erster_fall,A,3
Weit wie das Meer,,Nicholas Sparks,Heyne,Roman,31,weit_wie_das_meer,A,3
Wenn Frauen zu sehr lieben,,Robin Norwood,Rowohlt,Sachbuch,27,wenn_frauen_zu_sehr_lieben,A,3
"3D Video and Its Applications,,""Matsuyama, Nobuhara, Takai, Tung"",Springer,IT,20,3d_video_and_its_applications,A,4"
Advanced Methods in Computer Graphics,,Mukundan,Springer,IT,24,advanced_methods_in_computer_graphics,A,4
Antidiätbuch,,Susie Orbach,Frauenoffensive,Ratgeber,12,antidiaetbuch,A,4
Art and Technology of Entertainment Computing and Communication,,Cheok,Springer,IT,25,art_and_technology_of_entertainment_computing_and_communication,A,4
C Primer Plus,Fifth Edition,Prata,Sams,IT,49,c_primer_plus,A,4
Das Dragonerhaus,,Marie Louise Fischer,Goldmann,Roman,23,das_dragonerhaus,A,4
Das große Tafelwerk,Für kaufmännische Schulen,,Cornelsen,Schule,12,das_grosse_tafelwerk,A,4
Dem Sieger eine Handvoll Erde,,Alistair MacLean,Lingen,Roman,40,dem_sieger_eine_handvoll_erde,A,4
Der Delta-Stern,,Joseph Wambaugh,Heyne,Roman,22,der_delta_stern,A,4
Der Fisch ohne Fahrrad,,Dunkel,Knaur,Roman,19,der_fisch_ohne_fahrrad,A,4
Der Mann der´s wert ist,,Eva Heller,Droemer Knaur,Roman,38,der_mann_ders_wert_ist,A,4
Der Rheinmann-Tausch,,Robert Ludlum,Kaiser Verlag,Roman,29,der_rheinmann_tausch,A,4
Der zweite Körper,,Robert A. Monroe,Heyne,,26,der_zweite_koerper,A,4
Die Firma,,John Grisham,Heyne,Roman,36,die_firma,A,4
Die Fremde im Spiegel,,Judy Mercer,Knaur,Roman,24,die_fremde_im_spiegel,A,4
Die zärtliche Versuchung,,Barbara Cartland,Erich Papel Verlag,,11,die_zaertliche_versuchung,A,4
E M Mungenast,,Christoph Gardar,Bertelsmann,Roman,35,e_m_mungenast,A,4
Ein Schloß für dieKopcheks,,Stagg,Ravensburger,,11,ein_schloss_fuer_die_kopcheks,A,4
Erfülltes Glück,,LaVyrle Spencer,Heyne,Roman,21,erfuelltes_glueck,A,4
Grundlagen der Programmierung,3. Auflage,,RRZN Hannover,IT,9,grundlagen_der_programmierung,A,4
HTML 4,Das Einsteigerseminar,Thomas Kobert,bhv,IT,24,html_4,A,4
Ich bin die Nacht,,Ethan Cross,Bastei Lübbe,Thriller,33,ich_bin_die_nacht,A,4
Inroduction to Computer Graphics,2nd Ed.,Klawonn,Springer,IT,15,introduction_to_computer_graphics,A,4
Irische Freundschaften,,Binchy,Knaur,Roman,41,irische_freundschaften,A,4
Lauf um dein Leben,,Peter-Paul Zahl,Das neue Berlin,Roman,22,lauf_um_dein_leben,A,4
Lippenstift und Ladyshave,,Rossana Campo,Goldmann,Roman,14,lippenstift_und_ladyshave,A,4
Mein Herz blieb in Afrika,,Miriam Mathabane,List,Erzählungen,29,mein_herz_blieb_in_afrika,A,4
Mobile HCI 09,The 11th International Conference on Human-Computer Interaction with Mobile Devies and Services,,acm,IT,12,mobile_hci_09,A,4
Old Surehand,Band 3,Karl May,Manfred Pawlak Verlagsgesellschaft,Erzählungen,21,old_surehand,A,4
"Pervasive Games,Theory and Design,""Montola, Stenros, Waern"",Morgan Kaufmann,IT,17,pervasive_games,A,4"
Sepp und seine Freunde,,Höfling,Fischer,Kinder,16,sepp_und_seine_freunde,A,4
Sommerprickeln,,Mary Kay Andrews,Fischer,Roman,38,sommerprickeln,A,4
Sprechen Sie Java?,4. Auflage,Hanspeter Mössenböck,dpunkt.verlag,IT,21,sprechen_sie_java,A,4
Sturmläuten über Abendland,,Ingeborg Engelhardt,dtv junior,Roman,12,sturmlaeuten_ueber_abendland,A,4
Trüffelträume,,Peter Mayle,Knaur,Roman,29,trueffeltraeume,A,4
Weiße mit Schuss,,Georg Lentz,Melzer,Roman,41,weisse_mit_schuss,A,4
Zur dunkelsten Stunde,,Ed O´Connor,Bastei Lübbe,Thriller,26,zur_dunkelsten_stunde,A,4
"Beginning Android Games,Second Edition,""Zechner, Green"",Apress,IT,42,beginning_android_games,B,1"
Beim nächsten Mann wird alles anders,,Eva Heller,Fischer,Roman,20,beim_naechsten_mann_wird_alles_anders,B,1
Betty und ihre Schwestern,,Louisa May Alcott,rororo,Roman,21,betty_und_ihre_schwestern,B,1
Bleiben Sie neugierig,,Vince Ebert,rororo,Wissen,16,bleiben_sie_neugierig,B,1
Briefe in die chinesische Vergangenheit,,H. Rosendorfer,dtv,Roman,14,briefe_in_die_chinesische_vergangenheit,B,1
"Control Theory for Humans,,""Jagacinski, Flach"",CRC,Technik,23,control_theory_for_humans,B,1"
"Crowd Simulation,,""Thalmann, Musse"",Springer,IT,17,crowd_simulation,B,1"
Das Gold der schwarzen Berge,,G. F. Unger,Zauberkreis-Verlag,Roman,10,das_gold_der_schwarzen_berge,B,1
Das Kind der Rache,,John Saul,Heyne,Roman,22,das_kind_der_rache,B,1
Die Kunst des Liebens,,Erich Fromm,Ullstein,Wissenschaft,13,die_kunst_des_liebens,B,1
Die schweigende Welt des Nicholas Quinn,,Colin Dexter,rororo,Roman,15,die_schweigende_welt_des_nicholas_quinn,B,1
Die sieben Wege zur Effektivität,,S. R. Covey,Campus Verlag,Ratgeber,16,die_sieben_wege_zur_effektivitaet,B,1
Die Straßen von London,,Maeve Binchy,Knaur,Roman,24,die_strassen_von_london,B,1
Die Traummalerin,,Katherine Scholes,Knaur,Roman,35,die_traummalerin,B,1
Ein Sturmwind auf Jamaika,,Hughes,suhrkamp,Roman,16,ein_sturmwind_auf_jamaika,B,1
Emotional Design,,Norman,Basic Books,Wissenschaft,18,emotional_design,B,1
Entschlüsselt,Akte X,Ted Edwards,Heyne,,30,entschluesselt,B,1
Fasten verändert mein Leben,,Niggemeyer/Lützner,Kösel,Ratgeber,16,fasten_veraendert_mein_leben,B,1
Festung Breslau,,Paul Peikert,Verlag Ossolineum,Geschichte,14,festung_breslau,B,1
Geheimnis des roten Leuchtturms,,Backhaus,Ravensburger,Kinder,10,geheimnis_des_roten_leuchtturms,B,1
Grand-Prix Angriff,,Ken Smith,Rattmann,Sachbuch,10,grand_prix_angriff,B,1
Immer wieder Afrika,,Kelly James,Ullstein,Erzählungen,25,immer_wieder_afrika,B,1
In einem Schloß zu wohnen,,Willi Heinrich,Mohndruck,Roman,31,in_einem_schloss_zu_wohnen,B,1
Jenseits der Prärie,,Jutta Besser,Karl Müller,Roman,24,jenseits_der_praerie,B,1
Konfliktbewältigung,Heft 38,,FH,Sachbuch,18,konfliktbewaeltigung,B,1
Königsjagd,,Jack Higgins,Knaur,Roman,11,koenigsjagd,B,1
Learning Libgdx Game Development,,Andreas Oehlke,Packt,IT,24,learning_libgdx_game_development,B,1
Liebeskind,,Christine Westendorf,RM Buch und Medien Vertrieb,Roman,31,liebeskind,B,1
Make Your Own PCBs with EAGLE,,Monk,Mc Graw Hill,IT,14,make_your_own_pcbs_with_eagle,B,1
Make: More Electronics,,Platt,MakerMedia,Technik,17,make_more_electronics,B,1
Man wettet nicht um Liebe,,Christine Weyden,kelter,Roman,10,man_wettet_nicht_um_liebe,B,1
Mit Fünfen ist man kinderreich,,Evelyn Sanders,Heyne,Roman,20,mit_fuenfen_ist_man_kinderreich,B,1
Mord hat keine Tränen,,Ann Granger,Bastei Lübbe,Krimi,27,mord_hat_keine_traenen,B,1
Mörder ohne Gesicht,,Henning Mankel,dtv,Roman,20,moerder_ohne_gesicht,B,1
Nach Norden zu,Das Reiselesebuch,Theodor Geus,Societäts-Verlag,Geschichten,25,nach_norden_zu,B,1
Programmieren mit Java,it,Schiedermeier,Pearson Studium,IT,29,programmieren_mit_java,B,1
Stupid White Men,,Michael Moore,Piper,,21,stupid_white_men,B,1
"Tierische Geschäfte,,""Wolf-Michael Eimler, Nina Kleinschmidt"",Droemer Knaur,Dokumentation,26,tierische_geschaefte,B,1"
Totenstille im Watt,,Klaus-Peter Wolf,Fischer,Roman,32,totenstille_im_watt,B,1
"Untergehen werden wir nicht,,""Bettina Haskamp, Gerhard Ebel"",Hoffmann und Campe,,30,untergehen_werden_wir_nicht,B,1"
Wer aber Gewalt sät,,Wilbur Smith,Goldmann,Roman,28,wer_aber_gewalt_saet,B,1
Zwei an einem Tag,,David Nicholas,Heyne,Roman,41,zwei_an_einem_tag,B,1
100 Jahre nach dem ersten Weltkrieg,Band 23,,Volksbund Forum,Geschichte,12,100_jahre_nach_dem_ersten_weltkrieg,B,2
Alf – Was wäre, wenn…,,Peter Mennigen,Bastei Lübbe,Cartoon,12,alf_was_waere_wenn,B,2
Alles über den blauen Dunst,,Lothar Schuh,Schangrila,Sachbuch,18,alles_ueber_den_blauen_dunst,B,2
An Introduction to Computer Graphics for Artists,2nd Ed.,Paquette,Springer,IT,20,an_introduction_to_computer_graphics_for_artists,B,2
Armer, armer Millionär,,Lang,dtv junior,Kinder,10,armer_armer_millionaer,B,2
Aus badischen Küchen,Essen & Genießen,Veronika Müller,blv,Kochbuch,10,aus_badischen_kuechen,B,2
Birdy,,William Wharton,Goldmann,Roman,20,birdy,B,2
Bridie und Finn,,Cauley,Knaur,Roman,25,bridie_und_finn,B,2
C Ein Nachschlagewerk,13. Auflage,,RRZN Hannover,IT,8,c_ein_nachschlagewerk,B,2
Casa Rossa,,Francesca Marciano,Goldmann,Roman,33,casa_rossa,B,2
Das Blut an euren Händen,,Liad Shoham,Dumont,Roman,26,das_blut_an_euren_haenden,B,2
Das große Lalula,,Elisabeth Borchers,Ellermann,Kinder,17,das_grosse_lalula,B,2
Das große Versprechen,,Catherine Gaskin,Scherz Verlag,Roman,33,das_grosse_versprechen,B,2
Das Haus oder Balsers Aufstieg,,Rudolf Hagelstange,Ullstein,Roman,19,das_haus_oder_balsers_aufstieg,B,2
Der Münchner im Himmel,,Thoma,dtv,,9,der_muenchner_im_himmel,B,2
Der verbotene Turm,,Marion Zimmer Bradley,Moewig,Science Fiction,23,der_verbotene_turm,B,2
Die endlose Steppe,,Esther Hautzig,Büchergilde Gutenberg,Roman,22,die_endlose_steppe,B,2
Die Liebe auf den ersten Blick,,Frank Wedekind,dtv,Erzählungen,10,die_liebe_auf_den_ersten_blick,B,2
Die Modemacher,,Rudolf Kinzel,Heyne,Sachbuch,24,die_modemacher,B,2
Die Ordenburg des Wüstenplaneten,,Frank Herbert,Heyne,Science Fiction,31,die_ordensburg_des_wuestenplaneten,B,2
Die Scheune im Schatten,,Jane Smiley,Fischer,Roman,13,die_scheune_im_schatten,B,2
Die weiße Löwin,,Henning Mankel,dtv,Thriller,28,die_weisse_loewin,B,2
Dunkle Ernte,,Mary Logue,Fischer,Roman,24,dunkle_ernte,B,2
Gespensterburg,,Lengstrand,Schneider-Buch,,12,gespensterburg,B,2
Im Angesicht des Feindes,,Elizabeth George,Blanvalet,Roman,46,im_angesicht_des_feindes,B,2
International Symposium on Distributed Objects and Applications,DOA´00,,IEEE Computer Society,IT,18,international_symposium_on_distributed_objects_and_applications,B,2
kein winter für wölfe,,Lütgen,Georg Westermann Verlag,Jugend,29,kein_winter_fuer_woelfe,B,2
Lieber Arm ab als arm dran,,Rainer Schmidt,Gütersloher Verlagshaus,Bibliographie,17,lieber_arm_ab_als_arm_dran,B,2
Long Tunnel,,Alan Dean Foster,Heyne,Roman,22,long_tunnel,B,2
Moby Dick,,Melville,Tosa Verlag,Jugend,36,moby_dick,B,2
Natalia, ein Mädchen aus der Taiga,,Konsalik,Bastei Lübbe,Roman,18,natalia_ein_maedchen_aus_der_taiga,B,2
Notwehr,,Marc Olden,Heyne,Roman,15,notwehr,B,2
"Pervasive Computing,Handbook,""Hansmann, Merk, Nicklous, Stober"",Springer,IT,21,pervasive_computing,B,2"
Reisende der Nacht,,Marisa Silver,Goldmann,,20,reisende_der_nacht,B,2
Roter Drache,,Thomas Harris,Heyne,Roman,30,roter_drache,B,2
Sami und Uri,,Cohen,dtv junior,Kinder,8,sami_und_uri,B,2
Sonnenstadt ohne Sterne,,E. Caldwell,rororo,,7,sonnenstadt_ohne_sterne,B,2
Super-Gruselpack,Band 8,,Cora,,16,super_gruselpack,B,2
Tante Tilli macht Theater,,Peter Härtling,Beltz & Gelberg,Kinder,12,tante_tilli_macht_theater,B,2
The Art of Electronics,Second Edition,Horowitz and Hill,Cambridge,Wissenschaft,49,the_art_of_electronics,B,2
"The Psychology of Human of Human-Computer Interaction,,""Card, Moran, Newell"",CRC,IT,26,the_psychology_of_human_computer_interaction,B,2"
Tini findet eine neue Heimat,,K. Theuermeister,Karo Buch,Kinder,17,tini_findet_eine_neue_heimat,B,2
"Visual Texture,,""Haindl, Filip"",Springer,IT,19,visual_texture,B,2"
Zeit des Grauens,,John Saul,Heyne,Roman,28,zeit_des_grauens,B,2
Aufbruch ins Abenteuer,,R. Messner,Bastei Lübbe,Erzählungen,14,aufbruch_ins_abenteuer,B,
AVR-Mikrocontroller in C programmieren,,Spanner,Franzis,IT,12,avr_mikrocontroller_in_c_programmieren,B,
"Brot zum Leben,,""De Haan, Bosch"",hänssler,Religion,22,brot_zum_leben,B,"
Das Geheimnis des Feuers,,Henning Mankel,Oetinger,Jugend,21,das_geheimnis_des_feuers,B,
Das große Tafelwerk interaktiv,Formelsammlung für die Sekundarstufen I und II,,Cornelsen,Schule,12,das_grosse_tafelwerk_interaktiv,B,
Das Haus der Krokodile,,Ballot,Georg Bitter Verlag,Krimi,19,das_haus_der_krokodile,B,
Das kleine alte Auto,,Breuer-Weber,Fischer,Kinder,12,das_kleine_alte_auto,B,
Der achte Schöpfungstag,,Thornton Wilder,S. Fischer Verlag,Roman,33,der_achte_schoepfungstag,B,
Der Adler ist gelandet,,Jack Higgins,Pavillon,Roman,29,der_adler_ist_gelandet,B,
Der Dschunken Doktor,,Konsalik,Heyne,Roman,18,der_dschunken_doktor,B,
Der Friede im Osten,,Erik Neutsch,Mitteldeutscher Verlag Halle,,28,der_friede_im_osten,B,
Der Friede sah ganz anders aus,,Heilwig von der Mehden,Herder,Geschichte,9,der_friede_sah_ganz_anders_aus,B,
Der Hengst im Moor,,P. C. Hass,Boja-Verlag,Jugend,24,der_hengst_im_moor,B,
Der Knochenpoet,,Susanne Kraus,Lingen Verlag,Roman,38,der_knochenpoet,B,
Der Kurier des Zaren,,Jules Verne,Bertelsmann,,22,der_kurier_des_zaren,B,
Der lange Schlaf,,Fran Dorf,Knaur,Roman,25,der_lange_schlaf,B,
Der Pferdeflüsterer,,Nicholas Evans,Goldmann,Roman,32,der_pferdefluesterer,B,
Der Schiffbruch der Mary Deare,,Hammond Innes,Bastei Lübbe,Roman,20,der_schiffbruch_der_mary_deare,B,
Der Stern von Kalifornien,,Hans-Otto Meissner,Mohndruck,Erfahrungen,31,der_stern_von_kalifornien,B,
Der vertauschte Koffer,,Karl-Heinz Köpcke,Schneider-Buch,Kinder,14,der_vertauschte_koffer,B,
Der Winter, der ein Sommer war,,Sandra Paretti,Karl Müller,,48,der_winter_der_ein_sommer_war,B,
Die dunkle Seite,,F. Schätzing,Emons,Thriller,30,die_dunkle_seite,B,
Die Herren der Insel,,Pat Conroy,Bastei Lübbe,Roman,39,die_herren_der_insel,B,
Die nach den Sternen greifen,,Burk,Moewig,Roman,16,die_nach_den_sternen_greifen,B,
Die Sieben Minuten,,Irving Wallace,Deutscher Bücherbund Stuttgart,Roman,51,die_sieben_minuten,B,
Die süße Frau,,Monika Tantzscher,Fischer,Erzählungen,22,die_suesse_frau,B,
Die vergessenen Tiere von Eld,,Patricia A. McKillip,Heyne,Fantasy,13,die_vergessenen_tiere_von_eld,B,
Die Vinland Saga,,Josef Nyary,Bastei Lübbe,,40,die_vinland_saga,B,
Die Vögel von Bangkok,,Vazquez Montalban,rororo,Thriller,18,die_voegel_von_bangkok,B,
Die vollen Tage des Lebens,,Dorothy Eden,Schneekluth Verlag,Roman,34,die_vollen_tage_des_lebens,B,
Eine Handvoll Leben,,Haushofer,Knaur,Roman,14,eine_handvoll_leben,B,
Frauen steigen ein,,Haasen,dtv ratgeber,Ratgeber,15,frauen_steigen_ein,B,
Gefrorene Seelen,,Giles Blunt,Weltbild,Roman,37,gefrorene_seelen,B,
Gott schütze dieses Haus,,Elizabeth George,Goldmann,Roman,23,gott_schuetze_dieses_haus,B,
Greif, der Wolfshund,,K. Theuermeister,Karo Buch,,15,greif_der_wolfshund,B,
Hannelore hat ein Ziel,,Renate Lienau,Verlagsbuchhandlung Julius Breitschopf,,21,hannelore_hat_ein_ziel,B,
Hastings Zwei,,Alfred Coppel,Kaiser Verlag,Roman,29,hastings_zwei,B,
Hengstparade,,Gaby Hauptmann,Piper,Roman,18,hengstparade,B,
Hölle auf Zeit,,Jack Higgins,Bastei Lübbe,Roman,19,hoelle_auf_zeit,B,
Inside the Java 2 Virtual Machine,,Venners,Mc Graw Hill,IT,45,inside_the_java_2_virtual_machine,B,
Interaction Design,beyond human-computer interaction,,Wiley,IT,21,interaction_design,B,
"Interactive 3D Multimedia Content,,""Cellary, Walczak Eds."",Springer,IT,17,interactive_3d_multimedia_content,B,"
"Interaktive Systeme 2,2. Aufl.,""Dreim, Dachselt"",Springer,IT,30,interaktive_systeme_2,B,"
"Java on Smart Cards: Programming and Security,Java Card 2000,""Attali, Jensen (Eds.)"",Springer,IT,10,java_on_smart_cards_programming_and_security,B,"
Land voraus – Amerika!,,F. O. Busch,Franz Schneider Verlag,Kinder,17,land_voraus_amerika,B,
Learning OpenCV,,Bradski & Kaehler,O´Reilly,IT,29,learning_opencv,B,
Marianne – Flammender Lorbeer,,Benzoni,Moewig,Roman,12,marianne_flammender_lorbeer,B,
Mehr als nur Träume,,Jude Deveraux,Bastei Lübbe,Roman,29,mehr_als_nur_traeume,B,
Middleware,For Communications,Mahmoud,Wiley,IT,33,middleware,B,
Mirjam und das Lager in der Wüste,,Hanne Turowski,Bernward,Jugend,15,mirjam_und_das_lager_in_der_wueste,B,
Nesthäkchen fliegt aus dem Nest,,Else Ury,Omnibus,Jugend,19,nesthaekchen_fliegt_aus_dem_nest,B,
Neuerscheinung,,Michael Gantenberg,Scherz Verlag,Roman,23,neuerscheinung,B,
pour un nouveau roman,,Alain Robbe-Grillet,idees,Roman,14,pour_un_nouveau_roman,B,
"Practical Electronics for Inventors,Third Edition,""Scherz, Monk"",Mc Graw Hill,Wissenschaft,36,practical_electronics_for_inventors,B,"
Pschyrembel Medizinisches Wörterbuch,257.,,Nikol,Wissenschaft,66,pschyrembel_medizinisches_woerterbuch,B,
Pythagoras im Urlaub,,Bernhard Gündel,Diesterweg,Wissen,14,pythagoras_im_urlaub,B,
Quaternions for Computer Graphics,,Vince,Springer,IT,15,quaternions_for_computer_graphics,B,
Rumba auf einen Herbst,,Irmtraud Morgner,Luchterhand,Roman,34,rumba_auf_einen_herbst,B,
Sandra – Spur der Fedorbande,,Margot Kreuter,Schneider-Buch,Kinder,17,sandra_spur_der_fedorbande,B,
Sanfte Gewalt,,Marie Louise Fischer,Heyne,Roman,17,sanfte_gewalt,B,
Schattenfrau,,Melodie Johnson Howe,Goldmann,Krimi,15,schattenfrau,B,
Showdown,,Matthew Reilly,Ullstein,Roman,33,showdown,B,
Sind die Deutschen noch zu retten?,,Henzler / Späth,Goldmann,Wissen,18,sind_die_deutschen_noch_zu_retten,B,
Things that make us Smart,,Norman,Basic Books,IT,19,things_that_make_us_smart,B,
TKKG/Schlangeninsel,,Wolf,Pelikan,Jugend,21,tkkg_schlangeninsel,B,
Triadic Game Design,,Harteveld,Springer,IT,19,triadic_game_design,B,
UbiComp 2007 Adjunct Proceedings,,Bardram et al. (Eds.),,IT,18,ubicomp_2007_adjunct_proceedings,B,
"UIST 2009,""Victoria, British Columbia, October 4-7, 2009"",,acm,IT,13,uist_2009,B,"
Und die Frauen weinten Blut,,Saliha Scheinhardt,Express Edition,,12,und_die_frauen_weinten_blut,B,
verstehen und fördern,,Heinz-Joachim Petzold,Evangelische Verlagsanstalt Berlin,Wissen,18,verstehen_und_foerdern,B,
Wandlungen,,Liv Ullmann,Scherz Verlag,,29,wandlungen,B,
Wer knackt die Nuß?,2. Band,Ecke,Ravensburger,Kinder,10,wer_knackt_die_nuss,B,
Wilhelm Busch Hausbuch,,,Delphin Verlag,,40,wilhelm_busch_hausbuch,B,
Wüstenmond,,Federica de Cesco,Blanvalet,Roman,34,wuestenmond,B,
"XML,""Professionel, 2nd Edition"",""Birbeck, Duckett, Gudmundson, Kobak, Lenz, Livingstone, Marcus, Mohr, Pinnock, Visco, Watt, Williams, Zaev, Ozu"",wrox,IT,56,xml,B,"
Zwei Engel für Mor,In geheimer Mission,Alexandra Raumer,vgs,,19,zwei_engel_fuer_mor,B,
"Betty und ihre Schwestern,,""Louisa May Alcott"",ro ro ro,Roman,,betty_und_ihre_schwestern,HI-1,"
Blutiger Kuss,Fear Street,R.L.Stine,loewe,horror,,blutiger_kuss,HI-1,
Callanetics,Das grosse Handbuch,Callan Pinckney,Orbis,Roman,,callanetics,HI-1,
Alarm! Das Weiberschiff,,Konsalik,Heyne,Roman,,das_weiberschiff,HI-1,
Das Blumenjahr,,Gabriele Vocke,F,Roman,,das_blumenjahr,HI-1,
Das Erbe der Guldenburgs,,Axel Rode,,Roman,,das_erbe_der_guldenburgs,HI-1,
Der geschenkte Gaul,,Hildegard Knef,,Roman,,der_geschenkte_gaul,HI-1,
Der Hexer,,Edgar Wallace,,Roman,,der_hexer,HI-1,
Der Medicus,,Noah Gordon,,Roman,,der_medicus,HI-1,
Die Farbe der Hoffnung,,Susan Madison,CP,Roman,,die_farbe_der_hoffnung,HI-1,
Die Frauen vom Schloß,,Marie Louise Fischer,,Roman,,die_frauen_vom_schloss,HI-1,
Die Liebes- maschine,,Jacqueline Susann,,Roman,,die_liebesmaschine,HI-1,
Die Maya,,Wilfried Westphal,G,Sachbuch,,die_Maya,HI-1,
Die schönsten Weihnachtsgeschichten,,Alexandra Cordes,G,Stories,,die_schoensten_weihnachtsgeschichten,HI-1,
Eiertanz,,Jensen,Knaur,Roman,,eiertanz,HI-1,
Eine Welt in Auf- lösung,,Peter Scholl- Latour,Siedler,Politics,,Eine_Welt_in_Aufloesung,HI-1,
Erlesenes aus Österreichs Küche,,Matt/Glocker,t,Cooking,,erlesenes_aus_oesterreichs_kueche,HI-1,
Flucht ins Glück,Ein Frauenheld entdeckt die Liebe,Historical Lords & Ladies,CORA,Roman,,flucht_ins_glueck,HI-1,
Forrest Gump,,Winston Groom,Heyne,Roman,,forrest_gump,HI-1,
Geburtstag feiern,,MOEWIG,,Roman,,Geburtstag_feiern,HI-1,
Gedichte 2,,Goethe,OOO,Poem,,gedichte2,HI-1,
Gedichte Deutschlands seit 1945,,Grosser,dtv,Stories,,geschichten_deutschlands_seit_1945,HI-1,
Hollywood,,Harold Robbins,NGV,Roman,,hollywood,HI-1,
Im Tempel meines Herzens,,Alice Walker,,Roman,,im_tempel_meines_herzens,HI-1,
Käp'ten Marryat Steuermann Ready,,Karl Müller,,Roman,,Kaepten_marryat,HI-1,
Kleiner Wolf und die Blauröcke,,Ericson,Abenteuer,Roman,,kleiner_wolf_und_die_blauroecke,HI-1,
Kuchen und Torten,,Klaus Groth,F,Cooking,,kuchen_und_torten,HI-1,
Learning English A1 neu,,,,School,,learning_english_a1_neu,HI-1,
Lesen Darstellen Begreifen,,,B6,School,,lesen_darstellen_begreifen,HI-1,
Lipstick,,Susanne Fülscher,,Roman,,lipstick,HI-1,
Mord braucht Reklame,,Sayers,,Thriller,,mord_braucht_reklame,HI-1,
Physik und Chemie 5/6 (OS) NDS,Natur und Technik,,Cornlesen,School,,physik_und_chemie,HI-1,
Politik macht Geld,,Hans Herbert von Arnim,Knaur,Political,,politik_macht_geld,HI-1,
R-Bop,,,ACT,Roman,,r_bop,HI-1,
Reliquet: Ritter, Tod und Teufel,,,dtv,Nonfiction,,ritter_tod_und_teufel,HI-1,
Rodzinna,kuchnia Lidla,KUCHNIA LIDLA.PL,LIDL,Cooking,,rodzinna,HI-1,
Salvete,BAND 1,,Cornlesen,School,,salvete,HI-1,
Schlampi reisst aus,,Palmen,M,Roman,,schlampi_reisst_aus,HI-1,
Schluss mit Lustig,,Peter Hahne,,Political,,schluss_mit_lustig,HI-1,
Zeiten und Menschen,2,,,School,,zeiten_und_menschen,HI-1,
150 Sportarten verständlich erklärt,,Gerhard Jäger,Goldmann,Ratgeber,,150_sportarten,HI-2,
Adieu, Jean Claude,,Utta Danella,,Roman,,adieu_jean_claude,HI-2,
Allein gegen Palermo,,Willi Heinrich,,Roman,,allein_gegen_palermo,HI-2,
Alte Häuser sterben nicht,,Willi Heinrich,,Roman,,alte_haeuser_sterben_nicht,HI-2,
am Ufer der Seine,Mein zauberhafter Buchladen,Rebecca Raisin,atb,Roman,,am_ufer_der_seine,HI-2,
Bitte laßt die Blumen leben,,Johannes Mario Simmel,Knaur,Roman,,bitte_lasst_die_blume_leben,HI-2,
bright baby animals,,,,Kids,,bright_baby_animals,HI-2,
Das Grosse Header's Digest Gesundheits- Buch,,,Verlag das Beste GmbH,Health,,das_grosse_gesundheitsbuch,HI-2,
Das Herz einer Mutter,,Marie Louise Fischer,,Roman,,das_herz_einer_mutter,HI-2,
Das Hexen-Amulett,,Susannah Kells,ro ro ro,Roman,,das_hexen-amulett,HI-2,
Das schönste von Wilhelm Busch,,Wilhelm Busch,Albatros,Poem,,das_schoenste_von_wilhelm_busch,HI-2,
Das Wallfahrerbündel,,Mairock,,Roman,,das_wallfahrerbuendel,HI-2,
Denkanstöße 2013,,Piper,,Life,,denkanstoesse_2013,HI-2,
Der Fisch ohne Fahrrad,,Dunkel,Knaur,Roman,,der_fisch_ohne_fahrrad,HI-2,
Der Fluch der Opale,Roman Schneekluth,Victoria Holt,,Roman,,der_fluch_der_opale,HI-2,
Der Geist fiel nicht vom Himmel,,Hoimar v.Ditfurth,,Roman,,der_geist_fiel_nicht_vom_himmel,HI-2,
Der Golf,,Gerhard Konzel- mann,,Roman,,der_golf,HI-2,
Der Kanzler,,Peter Norden,,Roman,,der_kanzler,HI-2,
Der Mann, der lächelte,,Henning Mankell,Z,Roman,,der_mann_der_laechelte,HI-2,
Der Ring aus Stein,,Danielle Steel,,Roman,,der_ring_aus_stein,HI-2,
Der Satans- Käfer,,Alistair MacLean,Lingen,Roman,,der_satans-kaefer,HI-2,
Der Schlange List,,Faye Kellerman,btb,Roman,,der_schlange_list,HI-2,
Die Chorknaben,,Joseph Wambaugh,Heyne,Roman,,die_chorknaben,HI-2,
Die dünne Frau,,Dorothy Cannell,,Roman,,die_duenne_frau,HI-2,
Die Ferien des Journalisten B.,,Helmut Schinagl,,Roman,,die_ferien_des_journalisten_b,HI-2,
Die großen Meyersons,,Stephen Birmingham,,Roman,,die_grossen_meyersons,HI-2,
Die Perlenzüchterin,,Di Morrissey,Weltbild,Roman,,die_perlenzuechterin,HI-2,
Du hast noch eine Chance, Lyddie!,,Katherine Paternson,UEBERREUTER,Roman,,du_hast_noch_eine_chance_lyddie,HI-2,
Ein falscher Traum von Liebe,Erfahrungen,Christine Birkhogg,Bastei Lübbe,Stories,,ein_falscher_traum_von_liebe,HI-2,
Ein Tag zum freuen,,Kreuter,,Roman,,ein_tag_zum_freuen,HI-2,
Es geschah im Nachbarhaus,2500,Fährmann,Arena,Roman,,es_geschah_im_nachbarhaus,HI-2,
Evi vom Waldhof,,Hans Ernst,,Roman,,evi_vom_waldhof,HI-2,
Falcon Crest,,Patrick Mann,,Roman,,falcon_crest,HI-2,
Flori Geht zur Schule,,Kruse,Benja,Roman,,flori_geht_zur_schule,HI-2,
Frauen und Geld,Ratgeber,Bernd W. Klöckner / Bianca Sommerfeld,freche Frauen,Ratgeber,,frauen_und_geld,HI-2,
Giganten,,Edna Ferber,,Roman,,giganten,HI-2,
Harz,,,,Tourism,,harz,HI-2,
Hotel Shanghai,,Vicki Baum,Heyne,Roman,,hotel_shanghai,HI-2,
Im Namen Gottes?,,Yallop,Knaur,Roman,,im_namen_gottes,HI-2,
In einer Welt von Glas,,Morris L. West,Knaur,Roman,,in_einer_welt_von_glas,HI-2,
Keine Rasse, aber Klasse!,,Ingrid Kell,Honos,Roman,,keine_rasse_aber_klasse,HI-2,
Krebs station,,Alexander Solschenizyn,,Roman,,krebs_station,HI-2,
Lieb Vaterland magst ruhig sein,,Simmel,Knaur,Roman,,lieb_vaterland_magst_ruhig_sein,HI-2,
Live dabei,,Wolf von Lojewski,Bastei Lübbe,Roman,,live_dabei,HI-2,
Park-Klinik Prof.Berger,Mädchen in Weiß - Eine kam zurück,Cetto,,Roman,,maedchen_in_weiss,HI-2,
Nur der Pudding hört mein Seufzen,,Emma Bombeck,,Roman,,nur_der_pudding_hoert_mein_seufzen,HI-2,
Prinzessin Daisy,,Judith Krantz,,Roman,,prinzessin_daisy,HI-2,
Robby,,Robert Lane,Scherz,Roman,,robby,HI-2,
Rote Sonne schwarzes Land,,Barbara Wood,,Roman,,rote_sonne_schwarzes_land,HI-2,
Rückkehr nach Monterey,,Barbara Delinsky,Knaur,Roman,,rueckkehr_nach_monterey,HI-2,
Schlafende Sonne lockender Mond,,Alice Eckert- Rotholz,Lingen,Roman,,schlafenede_sonne_lockender_mond,HI-2,
September,,Rosamunde Pilcher,,Roman,,september,HI-2,
So wie wir sind,,Martina Littauer Betty Southard,,Roman,,so_wie_wir_sind,HI-2,
Spanien,,Marco Polo,Marco Polo,Tourism,,spanien,HI-2,
Sturmwind Flickas Sohn,,Mary O'Hara,,Roman,,sturmwind_flickas_sohn,HI-2,
The secret Diary of Adrian Mole Aged 13,,Sue Townsend,,Roman,,the_secret_diary_of_adrian_mole_aged_13,HI-2,
Wilde Schwäne,,Chang,Knaur,Roman,,wilde_schwaene,HI-2,
Wolken am Horizont,,Posamunde Pilcher,ro ro ro,Roman,,wolken_am_horizont,HI-2,
Der blaue Stein,,Gilbert Sinoue,Knaur,Roman,,der_blaue_stein,HI-3,
Anleitung zum Ehebruch,,Carol Clewlow,,Roman,,anleitung_zum_ehebruch,HI-3,
Nicht mit dir und nicht ohne dich,,Merian/Ney,,Roman,,nicht_mit_dir_und_nicht_ohne_dich,HI-3,
Die Akte Odessa,,Frederick Forsyth,,Roman,,die_akte_odessa,HI-3,
Papillon,,Henri Chariere,,Roman,,papillon,HI-3,
Die Päpstin,,Donna W. Cross,AV,Roman,,die_paepstin,HI-3,
Die letzt Reise nach Palermo,,D. Himmelberger & S. Marretta,,Roman,,die_reise_nach_palermo,HI-3,
Das Schwert in der Stille,,Lian Hearn,ullstein,Roman,,das_schwert_in_der_stille,HI-3,
Abfahrt Pelham 1 Uhr 23,,John Godey,,Roman,,abfahrt_pelham,HI-3,
Das Grosse Kishon Karrussell,,Langen Müller,,Roman,,das_grosse_kishon_karussell,HI-3,
Rückkehr nach Monterey,Virginias Töchter,Barbara Delinsky,Weltbild,Roman,,virginias_toechter,HI-3,
Der Abschieds- stein,,Tad Williams,,Roman,,der_abschiedsstein,HI-3,
Konrad Adenauer,Erinnerungen 1953 - 1955,Konrad Adenauer,,History,,erinnerungen_1953-1955,HI-3,
1001 Glückwünsche in Reim und Vers,,Pattloch,,Roman,,1001_glueckwuensche_in_reim_und_vers,HI-3,
Das Parfum des Schreckens,,Anne Maybury,,Roman,,das_parfum_des_schreckens,HI-3,
Es blieb nur ein rotes Segel,,Konsalik,Bastei Lübbe,Roman,,es_blieb_nur_ein_rotes_segel,HI-3,
Der Inka,,Daniel Peters,,Roman,,der_inka,HI-3,
Liebesgeschichten,,Barbara Noack,,Roman,,liebesgeschichten,HI-3,
Lugal,,Josef Nyary,,Roman,,lugal,HI-3,
Die Nornen- königin,,Tad Williams,,Roman,,die_norden_koenigin,HI-3,
Der Conducator,Nicolae Ceausescu,Malte Olschewski,UEBERREUTER,Roman,,der_conducator,HI-3,
Goldene Gräser,,Patricia Shaw,,Roman,,goldene_graeser,HI-3,
Des Sieges bittere Tränen,,Konsalik,Lingen,Roman,,des_sieges_bittere_traenen,HI-3,
Shades of Grey,Gefährliche Liebe,E L James,Goldmann,Roman,,shades_of_grey,HI-3,
Die Seidenmanufaktur,Zur schönen Harmonie,Tash Aw,rowohlt,Roman,,die_seidenmanufaktur,HI-3,
Der grosse Regen,,Louis Bromfield,,Roman,,der_grosse_regen,HI-3,
Robert Littell,Task Force 753,,,Roman,,robert_littel,HI-3,
Im Tak der bittersüßen Träume,,Konsalik,,Roman,,im_tal_der_bittersuessen_traeume,HI-3,
Die lustigsten Lausbuben Geschichten,,,t,Roman,,die_lustigen_lausbuben_geschichten,HI-3,
Sieg des Herzens Gesang der Rosen,,Konsalik,Lingen,Roman,,sieg_des_herzens,HI-3,
Der versteinerte Fisch,,Federica de Cesco,Benziger,Roman,,der_versteinerte_fisch,HI-3,
Zeit der Haut,,Anja Snellman,btb,Roman,,zeit_der_haut,HI-3,
Mein buntes Vorlesungsbuch,,,,Stories,,mein_buntes_vorlesungsbuch,HI-3,
Besser Denken - Besser Leben,,,,Roman,,besser_denken_besser_leben,HI-3,
Der Prinz aus dem Paradies,,Hera Lind,Diana,Roman,,der_prinz_aus_dem_paradies,HI-3,
Herzen in Aufruhr,,Marie Louise Fischer,,Roman,,herz_in_aufruhr,HI-3,
Dornen können Rosen tragen,,Jörg Zink,K,Roman,,dornen_koennen_rosen_tragen,HI-3,
Der Fels des Löwen,,Eric Campbell,UEBERREUTER,Roman,,der_fels_des_loewen,HI-3,
Weil deine Augen ihn nicht sehen,,Mary Higgins Clark,Heyne,Roman,,wie_deine_augen_ihn_nicht_sehen,HI-3,
Midnight Express,Erfahrungen,Billy Hayes William Hoffer,Bastei Lübbe,Roman,,midnight_express,HI-3,
Der schnelle Weg zum richtigen Wort,,,ADAC,Roman,,der_schnelle_weg_zum_richtigen_wort,HI-3,
Louison oder die köstliche Stunde,,Fanny Deschamps,Wunderlich,Roman,,louison_oder_die_koestliche_stunde,HI-3,
Frau zu sein bedarf es wenig,,Hera Lind,,Roman,,frau_zu_sein_bedarf_es_wenig,HI-3,
The Parsons Daughter,,Catherine Cookson,Corgi,Roman,,the_parsons_daughter,HI-3,
Frisch gepreßt,,Susanne Fröhlich,,Roman,,frisch_gepresst,HI-3,
Skandal in Dallas,,Burt Hirschfeld,,Roman,,skandal_in_dallas,HI-3,
Einmal Himmel und retour,,Claudia Keller,Blanvalet,Roman,,einmal_himmel_und_retour,HI-3,
Kampf und Leiden- schaft,,Leslie Arlen,Lingen,Roman,,kampf_und_leidenschaft,HI-3,
Wie Sand am Meer,,Catherine Gaskin,,Roman,,wie_sand_am_meer,HI-3,
Airport Klinik,,Konsalik,,Roman,,airport_klinik,OS-1,
Avra,,J. M. Dillard,G,Roman,,avra,OS-1,
Axel rettet den Dschungelforscher,,Körber,,Roman,,axel_rettet_den_dschungelforscher,OS-1,
Cottage gesucht Held gefunden,,Susan Elizaeth Phillips,blanvalet,Roman,,cottage_gesucht_held_gefunden,OS-1,
Das Geheimnis der sieben Palmen,,Konsalik,,Roman,,das_geheimnis_der_sieben_palmen,OS-1,
Das geschenkte Gesicht,,Konsalik,,Roman,,das_geschenkte_gesicht,OS-1,
Der Elfenpakt,,Herbie Renman,dtv,Roman,,der_elfenpakt,OS-1,
Der Grosse Regen,,Louis Bromfield,,Roman,,der_grosse_regen,OS-1,
Der Jade Pavillon,,Konsalik,,Roman,,der_jade_pavillion,OS-1,
Der Kater,-und der Ruf im Nebel,Jo Pestum,,Roman,,der_kater,OS-1,
Der Wüstendoktor,Die Drohung des Sieges Bittere Tränen,Konsalik,,Roman,,der_wuestendoktor,OS-1,
Die Dame mit dem Samtvisier,,Geissler,,Roman,,die_dame_mit_dem_samtvisier,OS-1,
Die Drohung,,Konsalik,Lingen,Roman,,die_drohung,OS-1,
Die Ent- wurzel- ten,,James Jones,,Roman,,die_entwurzelten,OS-1,
Die Gesellschaft im Blizzard,,Caldwell,G,Roman,,die_gesellschaft_im_blizzard,OS-1,
Die hochreiter Kinder,,Hilde,,Roman,,die_hochreiter_kinder,OS-1,
Die Inselfrauen,,Sylvia Lott,blanvalet,Roman,,die_inselfrauen,OS-1,
Die Jungens von Burg Schreckenstein,,Hassencamp,,Roman,,die_jungens_von_burg_schreckenstein,OS-1,
Frühling des Lebens,,,Reader´s Digest,Roman,,die_schoensten_buecher_fuer_junge_leser,OS-1,
Die Stunde des Jägers,,Jack Higgins,,Roman,,die_stunde_des_jaegers,OS-1,
Die Tochter des Teufels,,Konsalik,,Roman,,die_tochter_des_teufels,OS-1,
Ein Kreuz in Sibirien,,Konsalik,,Roman,,ein_kreuz_in_sibirien,OS-1,
Ein Sommer mit Danica,,Konsalik,,Roman,,ein_sommer_mit_danica,OS-1,
Ein wunderbarer Sommer,,Kerry Fisher,Goldmann,Roman,,ein_wunderbarer_sommer,OS-1,
Eine ganz heiße Nummer,,Andrea Sixt,Bastei Lübbe,Roman,,eine_ganz_heisse_nummer,OS-1,
Engel der Vergessenen,,Konsalik,,Roman,,engel_der_vergessenen,OS-1,
Florian und Roter Blitz,,May D'Alencon,,Roman,,florian_und_roter_blitz,OS-1,
Fröhliche Tage im Waldhaus,,Gretl Maurer,GJB,Roman,,froehliche_tage_im_waldhaus,OS-1,
Gedichte,20,Hans Magnus Enzensberger,,Roman,,gedichte_20,OS-1,
Geheimnisse des Waldes,,Kloss,,Roman,,geheimnisse_des_waldes,OS-1,
Gerda im Heidehof,,Kretzer-Hartl,Karu Buch,Roman,,gerda_im_heidenhof,OS-1,
Gesundheit für unsere Jugend,Gesamtausgabe,J. G. Schnitzer,,Roman,,gesundheit_fuer_unsere_jugend,OS-1,
Gott spricht zu Samuel,,,A,Roman,,gott_spricht_zu_samuel,OS-1,
Heide- Schul- Meister Uwe Karsten,,Felicitas Rose,,Roman,,heideschulmeister_uwe_karsten,OS-1,
IPCRESS - Streng Geheim,,Len Deighton,Heyne,Roman,,icress_streng_geheim,OS-1,
In bester Gesellschaft,,Walter Berger,Bastei Lübbe,Roman,,in_bester_gesellschaft,OS-1,
Jo und Trixi retten ihre Freunde,,M.Hansen,JM,Roman,,jo_und_trixi_retten_ihre_freunde,OS-1,
Küsschen für alle,,Roland Dahl,,Roman,,kuesschen_fuer_alle,OS-1,
Mutterkind,,Jenny Diski,Klett-Cotta,Roman,,mutterkind,OS-1,
Natascha,,Konsalik,,Roman,,natascha,OS-1,
O diese Elke!,,Schäfer,GJB,Roman,,oh_diese_elke,OS-1,
SANDRA und der Junge vom Fluß,,Kreuter,,Roman,,sandra_und_der_junge_vom_fluss,OS-1,
Nr. 13 Londen Street,Schatten in Rockfort Castle,Scheffler,,Roman,,schatten_in_rockfort_castle,OS-1,
Schicksal aus zweiter Hand,,Konsalik,,Roman,,schicksal_aus_zweiter_hand,OS-1,
Schwarze Diamanten,,Martin Walker,,Roman,,schwarze_diamanten,OS-1,
Tinas Shetty-Jahr,,Seuberlich,,Roman,,tinas_shetty_jahr,OS-1,
Ulrike im Internat,,Fischer,,Roman,,ulrike_im_internat,OS-1,
Unheimliche Verfolger,,v. Hanstein,GJB,Roman,,unheimliche_verfolger,OS-1,
Unternehmen Venezia,,E.S. Aarons,,Roman,,unternehmen_venezia,OS-1,
Washington, D.C.,,Gore Vidal,G,Roman,,washington_dc,OS-1,
Weiselkirschen,,Leonie Ossowski,Heyne,Roman,,weichselkirschen,OS-1,
Wenn der Panther schläft,,Pestum,,Roman,,wenn_der_panter_schlaeft,OS-1,
Wir helfen dir, K.I.M.,,Potthoff,,Roman,,wir_helfen_dir_kim,OS-1,
Wo nachts der Puma ruft ...,,Salamanca,Sala,Roman,,wo_nachts_der_puma_ruft,OS-1,
Zwei treue Freunde,,Max Albert,Karo Buch,Roman,,zwei_treue_freunde,OS-1,
Ausser Kontrolle,Die Medienmacht des Leo Kirch,Michael Radkte,Edition Hands Erpf,Politics,,ausser_kontrolle,H-1,
Begegnungen,7,,,Roman,,begegnungen,H-1,
Berts heimliche Katastrophen,,S. Olsson A. Jacobsson,,Roman,,berts_heimliche_katastrophen,H-1,
Blanco,,Henri Charriere,,Roman,,blanco,H-1,
Das Bergbau-Handbuch,,,,School,,das_bergbau_handbuch,H-1,
Das Freiluft Museum,,Aleksander Minkowski,ww,Roman,,das_freiluftmuseum,H-1,
Das magische Buch,,Kim Wilkins,Heyne,Roman,,das_magische_buch,H-1,
Das Osterman Wochenende,,Robert Ludlum,Heyne,Roman,,das_osterman_wochenende,H-1,
Das Wunder von Jerusalem,,Riemschneider,,Roman,,das_wunder_von_jerusalem,H-1,
Der aus den Docks,,Mario Giordano,rowohlt rotfuchs,Roman,,der_aus_den_docs,H-1,
Der Großwesir der Nacht,,Catherine Hermary-Vielle,,Roman,,der_grosswesir_der_nacht,H-1,
Die 13. Prophezeiung,,Valentine Ermantinger,rowohlt rotfuchs,Roman,,die_13_prophezeiung,H-1,
Die Anstalt,,John Katzenbach,Knaur,Roman,,die_anstalt,H-1,
Die Freiburger Thesen,,Flach/Maihofer/Scheel,ro ro ro,Roman,,die_freiburger_thesen,H-1,
Modesty Blaise,Die Lady bittet ins Jenseits,Peter O'Donnell,,Roman,,die_lady_bittet_ins_jenseits,H-1,
Die Morgengabe,,Eva Ibbotson,Scherz,Roman,,die_morgengabe,H-1,
Die Muschelsucher,,Rosamunde Pilcher,ro ro ro,Roman,,die_muschelsucher,H-1,
Die wichtigsten Wirtschaftsdenker,,Vera Linß,marixwissen,Political,,die_wichtigsten_wirtschaftsdenker,H-1,
Dominiqzue von Mogador,,Barbier,,Roman,,dominique_von_mogador,H-1,
Ein ehrenwerter Herr,,Jules Romains,,Roman,,ein_ehrenwerter_herr,H-1,
Ein Kerl wie Samt und Seide,,Will Berthold,Heyne,Roman,,ein_kerl_wie_samt_und_seide,H-1,
Ein Mann für eine Nacht,,Jil Karoly,,Roman,,ein_mann_fuer_eine_nacht,H-1,
Ende eines Sommers,,Rosamunde Pilcher,ro ro ro,Roman,,ende_eines_sommers,H-1,
Geh, aus mein Herz,,Ake Edwardson,List,Roman,,geh_aus_meinen_herz,H-1,
Grüne Tomaten,,Fannie Flagg,Bastei Lübbe,Roman,,gruene_tomaten,H-1,
Handlexikon zur Politikwissenschaft,,,ro ro ro,Political,,handlexikon_zur_politikwissenschaft_2,H-1,
Hannas Töchter,,Marianne Fredriksson,,Roman,,hannas_toechter,H-1,
Harry Potter and the Gablet of Fire,,J.K. Rowling,Bloomsbury,Roman,,harry_potter_and_the_goblet_of_fire,H-1,
Hochspannung,,Arthur Hailey,,Roman,,hochspannung,H-1,
Ich schenk dir eine Geschichte,Das geheimnisvolle Spukhaus,,cbj,Roman,,ich_schenk_dir_eine_geschichte,H-1,
In Irland gibt es keine Schlangen,,Frederick Forsyth,,Roman,,in_irland_gibt_es_keine_schlangen,H-1,
Indianerabenteuer für Erstleser,,Leserabe,Ravensburger,Roman,,indianerabenteuer_fuer_erstleser,H-1,
Lächeln,Ein heiteres Lesebuch,,Heyne,Roman,,laecheln,H-1,
LeseSommer,,,Bastei Lübbe,Roman,,lesesommer,H-1,
Magma am Himmel,,Carlos Rasch,,Roman,,magma_am_himmel,H-1,
Mit Babsi kann man Pferde stehlen,,Rosener,N,Roman,,mit_babsi_kann_man_pferde_stehlen,H-1,
Neue Schulbibel,,,,Roman,,neue_schulbibel,H-1,
Nimm den Diktator und geh,,Maria Klingler,,Roman,,nimm_den_diktator_und_geh,H-1,
Palermis Erben,,Schuler,,Roman,,palermis_erben,H-1,
Schattenjagt,,K.J. Parker,Bastei Lübbe,Roman,,schattenjagdt,H-1,
Schwarzer Sonntag,,Thomas Harris,Heyne,Roman,,schwarzer_sonntag,H-1,
So holen Sie sich den Führerschein zurück,,Vogel/Fehling,Econ,Roman,,so_holen_sie_sich_ihren_fuehrerschein_zurueck,H-1,
Spannende Fußball Geschichten,,Anne Ameling,ellermann,Roman,,spannende_fussball_geschichten,H-1,
Straße der Pfirsich- blüten,,Anne Rivers Siddons,G,Roman,,strasse_der_pfirsich_blueten,H-1,
The Queen and I,,Sue Townsend,Arrow,Roman,,the_queen_and_i,H-1,
Todsünden,,Elise Title,,Roman,,todsuenden,H-1,
Traumnzeit für Agenten,,Gisbert Haefs,Heyne,Roman,,traumzeit_fuer_agenten,H-1,
Vorschusslorbeeren,,Burgh,Knaur,Roman,,vorschusslorbeeren,H-1,
Wer wirft den ersten Stein,,Gürt,,Roman,,wer_wirft_den_ersten_stein,H-1,
Wunder dauern etwas länger,,Dieter Zimmer,,Roman,,wunder_dauern_etwas_laenger,H-1,
60 Sekunden,,James Hankins,Piper,Roman,,60_sekunden,H-2,
Ali und die Spaghettibande,,Günter Rudorf,Omnibus,Roman,,ali_und_die_spaghettibande,H-2,
Aus Leidenschaft,,Mary Mackey,,Roman,,aus_leidenschaft,H-2,
Das Erbe der Astrow,,Constance Heaven,Zsolnay,Roman,,das_erbe_der_astrow,H-2,
Der rostende Ruhm,,Konsalik,Lingen,Roman,,der_rostende_ruhm,H-2,
Der Ruf der Amsel,,Marcia Willett,,Roman,,der_ruf_der_amsel,H-2,
Der Saxophonist,,Holmes,MaroVerlag,Roman,,der_saxophonist,H-2,
Der Seewolf,,Jack London,,Roman,,der_seewolf,H-2,
Der Tod der Fünften Sonne,,Robert Somerlott,,Roman,,der_tod_der_fuenften_sonne,H-2,
Die spannendsten Detektiv Geschichten,,,,Roman,tosa,detektiv_geschichten,H-2,
Deutschlandreise,,Roger Willemsen,,Roman,,deutschlandreise,H-2,
Die Abenteuer von Winnieh Puuh,,,Disney,Roman,,die_abenteuer_von_winnie_puh,H-2,
Die Amalfi-Affäre,,Vicky Maxwell,Caroline,Roman,,die_amalfi-affaere,H-2,
Die Herren der Insel,,Pat Conroy,Bastei Lübbe,Roman,,die_herren_der_insel,H-2,
Die kleine Weltlaterne,,Peter Bamm,,Roman,,die_kleine_weltlaterne,H-2,
Die MacGregories,,Nora Roberts,,Roman,,die_macgregors,H-2,
Die Maharani,,Gita Mehta,,Roman,,die_maharani,H-2,
Die Reise nach Portiun cula,,Stefan Andres,,Roman,,die_reise_nach_portiun_cula,H-2,
Die schöne Rivalin,,Konsalik,G,Roman,,die_schoene_rivalin,H-2,
Verschwörung der Sieben,,Jon Land,,Roman,,die_verschwoerung_der_sieben,H-2,
Die Versuchung,,David Baldacci,Bastei Lübbe,Roman,,die_versuchung,H-2,
Die vierte Hand,,John Irving,,Roman,,die_vierte_hand,H-2,
Die Wanderhure,,Iny Lorentz,Knaur,Roman,,die_wanderhure,H-2,
Eifel-Krieg,,Jacques Berndorf,KBV,Roman,,eifel-krieg,H-2,
Ein Jahr rollt übers Gebirg,,Johannes Linke,MV,Roman,,ein_jahr_rollt_uebers_gebirg,H-2,
Erbin des verlorenen Landes,,Kiran Desai,,Roman,,erbin_des_verlorenen_landes,H-2,
Falken- horst,,Mark Rascovich,,Roman,,falkenhorst,H-2,
Feuerspringer,,Nicholas Evans,,Roman,,feuerspringer,H-2,
Feuerwind,,Stefanie Gercke,Heyne,Roman,,feuerwind,H-2,
Gäste im Schloss,,Planner-Petelin,,Roman,,gaeste_im_schloss,H-2,
Gesang vom großen Feuer,,Sebastian Faulks,S,Roman,,gesang_vom_grossen_feuer,H-2,
Großes Wörterbuch Französisch,,,AJV,Roman,,grosses_woerterbuch_franzoesisch,H-2,
Gulla hält ihr Wort,,Sandwall-Bergström,t,Roman,,gulla_haelt_ihr_wort,H-2,
In den Schuhen des Fischers,,Morris L. West,,Roman,,in_den_schuhen_des_fischers,H-2,
Kalt ist der Abendhauch,,Ingrid Noll,de te be,Roman,,kalt_ist_der_abendhauch,H-2,
Lebendiger Bambus,,Pearl S. Buck,Lingen,Roman,,lebendiger_bambus,H-2,
Märchen und Sagen der Indianer Nordamerikas,,Karl Knortz,Borowsky,Roman,,maerchen_und_sagen,H-2,
Middlesex,,Jeffrey Eugenides,,Roman,,middlesex,H-2,
Nicht ohne meine Tochter,,Betty Mahmoody,Bastei Lübbe,Roman,,nicht_ohne_meine_tochter,H-2,
oleander,oleander,Bergius,,Roman,,oleander,H-2,
Radetzkymarsch,,Joseph Roth,dtv,Roman,,radetzkymarsch,H-2,
Russische Freunde,,Matti Rönka,Lübbe,Roman,,russische_freunde,H-2,
Sie hatten einen Traum,,Thomas Jeier,Arena Live,Roman,,sie_hatten_einen_traum,H-2,
Summer Rave,,Fuch,,Roman,,summer_rave,H-2,
Tal der Träume,,Patricia Shaw,Bastei Lübbe,Roman,,tal_der_traeume,H-2,
Träum den unmög- lichen Traum,,Johannes Mario Simmel,,Roman,,traeume_den_unmoeglichen_traum,H-2,
Und immer wieder Abschied,,Cathy Spellman,Knaur,Roman,,und_immer_wieder_abschied,H-2,
Wer sein Haus auf Sünden baut,,P. D. James,BILD,Roman,,wer_sein_haus_auf_suenden_baut,H-2,
Wo die Sonne aufgeht,,Pearl S.Buck,,Roman,,wo_die_sonne_aufgeht,H-2,
Zähl nicht die Stunden bis zur Ewigkeit,,Danny Scheinmann,CP,Roman,,zaehl_nicht_bis_zur_ewigkeit,H-2,
Ärzte kochen besser,,Dr. Julius Bernheim,,Roman,,aerzte_kochen_besser,H-3,
Anaconda,,Suart Woods,G,Roman,,anaconda,H-3,
Aufruhr der Herzen,,Shirlee Busbee,G,Roman,,aufruhr_der_herzen,H-3,
Circus,,Alistair MacLean,Heyne,Roman,,circus,H-3,
Das Haus auf den Klippen,,Mary Higgins Clark,Heyne,Roman,,das_haus_an_den_klippen,H-3,
Das hungrige Herz,,Janet Dailey,G,Roman,,das_hungrige_herz,H-3,
Das Schlangennest,,Linda Davies,Heyne,Roman,,das_schlangennest,H-3,
Das siebte Gebot,,Lawrence Sanders,G,Roman,,das_siebte_gebot,H-3,
Der bedrohte Mond,,Malcom,G,Roman,,der_bedrohte_mond,H-3,
Der Ermittler,,Arthur Hailey,Blanvalet,Roman,,der_ermittler,H-3,
Der große Kampf,,Janet Dailey,Heyne,Roman,,der_grosse_kampf,H-3,
Der große Traum,,Janet Dailey,Heyne,Roman,,der_grosse_traum,H-3,
Der irrtum des Dottore Gambassi,,Nino Filasto,AV,Roman,,der_irrtum_des_dottore_gambassi,H-3,
Der junge Herr Justus,,Marie Louise Fischer,Lingen,Roman,,der_junge_herr,H-3,
Der Name der Rose,,Eco,dtv,Roman,,der_name_der_rose,H-3,
Die Geschichte der sozialen Versicherung,1. Auflage,Leopold,AV,Political,,die_geschichte_der_sozialen_versicherung,H-3,
Die Hand an der Wiege,,Wolfgang Hohlbein,Bastei Lübbe,Roman,,die_hand_an_der_wiege,H-3,
Die Profis,Die Manager,Harold Robbins,Lingen,Roman,,die_profis,H-3,
die reißenden Wasser von Valaba,,,,Roman,,die_ressenden_wasser_von_velaba,H-3,
Die Überlebenden der Kerry Dancer,,Alistair MacLean,Heyne,Roman,,die_ueberlebenden_der_kerry_dancer,H-3,
Die Unsterblichkeit,,Milan Kundera,,Roman,,die_unsterblichkeit,H-3,
Die Verlobten,,Alessandro Manzoni,,Roman,,die_verlobten,H-3,
Dunkle Kammern,,Minette Walters,Goldmann,Roman,,dunkle_kammern,H-3,
Eine Liebe in Frankreich,,Noel Barber,Heyne,Roman,,eine_liebe_in_frankreich,H-3,
Gott schütze dieses Haus,,Elizabeth George,G,Roman,,gott_schuetze_dieses_haus,H-3,
H2O,,Patric Nottret,Bastei Lübbe,Roman,,h2o,H-3,
Heiße Meilen,,Christopher S. Hagen,,Roman,,heisse_meilen,H-3,
Hochzeit zwischen Himmel und Hölle,,Rudolf Kassner,,Roman,,hochzeit_zwischen_himmel_und_hoelle,H-3,
Ich wollte Hosen,,Lara Cardella,,Roman,,ich_wollte_hosen,H-3,
Jauche und Levkojen,,Christine Brückner,,Roman,,jauche_und_levkojen,H-3,
Konzertbuch,G - O,Orchestermusik,,Roman,,konzertbuch,H-3,
Magari,,Noel Barber,Heyne,Roman,,magari,H-3,
Malik der Wolf,,George Halban,Lingen,Roman,,malik_der_wolf,H-3,
Maskerade,,Janet Dailey,Heyne,Roman,,maskerade,H-3,
Matildas letzter Walzer,,Tamara McKinley,Traumpfade,Roman,,matildas_letzter_walzer,H-3,
Messung der Arbeitszufriedenheit,,Neuberger,wk,School,,messung_der_arbeitszufriedenheit,H-3,
Nach dem Spiel ist vor dem Spiel,,Wolfgang Frank (HG.),ro ro ro,Roman,,nach_dem_spiel_ist_vor_dem_spiel,H-3,
Nur der Himmel sieht zu,,Romana Speziel,CORA,Roman,,nur_der_himmel_sieht_zu,H-3,
Pferde am Fluß,,Barbara Esstman,Goldmann,Roman,,pferde_am_fluss,H-3,
Räder,,Arthur Hailey,,Roman,,raeder,H-3,
Schicksalsmomente der Sachgeschchte,,Ehn Kastner,,History,,schicksalsmomente_der_sachgeschichte,H-3,
Siyah Lale,,Alexandre Dumas,,Roman,,siyah_lale,H-3,
So hell wie der Mond,,Nora Roberts,Weltbild,Roman,,so_hell_wie_der_mond,H-3,
Sorge dich nicht,,Dale Carnegie,Scherz,Roman,,sorge_dich_nicht,H-3,
Sturmritt,,Janet Dailey,G,Roman,,sturmritt,H-3,
Theorien der Arbeitszufriedenheit,,Neuberger,wk,School,,theorien_der_arbeitszufriedenheit,H-3,
Tischlein deck dich,,Waechter,ro ro ro,Roman,,tischlein_deck_dich,H-3,
Tochter des Regens,,Amanda Cockrell,Heyne,Roman,,tochter_des_regens,H-3,
Weil deine Augen ihn nicht sehen,,Mary Higgins Clark,CT,Roman,,weil_deine_augen_ihn_nicht_sehen,H-3,
Wirbel des Lebens,,Joanna Trollope,Heyne,Roman,,wirbel_des_Lebens,H-3,
Wo Dunkel herrscht Wenn Engel schlafen,,Kelman,G,Roman,,wo_dunkel_herrscht_wenn_engel_schlafen,H-3,
"Christine-Ulrike,""2 Mädchen, die es geschafft haben"",Martha-Maria Bosch,Spectrum Verlag,Roman,,2_maedchen_die_es_geschafft_haben,BA,"
Air Port,,Arthur Hailey,,Roman,,airport,BA,
Bauten und Bildwerke im Park Sanssouci,,,,Roman,,bauten_und_bildwerk_im_park_sanssouci,BA,
Bleib ungezähmt, mein Herz,,Jane Feather,CP,Roman,,bleib_ungezaehmt_mein_herz,BA,
Das Kreuz im Schiff,,Andre Mairock,,Roman,,das_kreuz_im_schiff,BA,
Das Haus im Marulabaum,,Alexandra Cordes,,Roman,,das_haus_im_marulabaum,BA,
Das Land der Hoffnung,,Herman Wouk,,Roman,,das_land_der_hoffnung,BA,
Der Hahn ist tot,,Ingrid Noll,de te be,Roman,,der_hahn_ist_tot,BA,
Der Unheimliche mit der Goldmaske,,Trio 6,Weltbild Verlag,Roman,,der_unheimliche_mit_der_goldmaske,BA,
Der Hphnerdieb,Lokalausgabe,Shulamit Lapid,freche Frauen,Roman,,der_huehnerdieb,BA,
Der Morgen weiß mehr als der Abend,,Zink,K,Roman,,der_morgen_weiss_mehr_als_der_abend,BA,
Der Text meines Herzens,,Stern,Rowohlt,Roman,,der_text_meines_herzens,BA,
Der Weltensammler,,Ilija Trojanow,dtv,Roman,,der_weltensammler,BA,
Die grosse Verschleierung,,Alice Schwarzer,KiWi,Roman,,die_grosse_verschleierung,BA,
Die Herren der Zeit,,Helmut W. Pesch,Bastei Lübbe,Roman,,die_herren_der_zeit,BA,
Die Leber wächst mit ihren Aufgaben,,Dr. med. Eckart von Hirschhausen,ro ro ro,Health,,die_leber_waechst_mit_ihren_aufgaben,BA,
Die Liebe der Wanderapothekerin,,Iny Lorentz,Knaur,Roman,,die_liebe_der_wanderapothekerin,BA,
Die Mittagsfrau,,Julia Franck,,Roman,,die_mittagsfrau,BA,
Die Prophetin,,Barbara Wood,,Roman,,die_prophetin,BA,
Die schönsten klassischen Märchen,,,,Roman,,die_schoensten_klassischen_maerchen,BA,
Die Tochter des Phoenix,,Barbara Erskine,Heyne,Roman,,die_tochter_des_phoenix,BA,
Sieben phantastische Geschichten,,Tania Blixen,ro ro ro,Roman,,dieben_phantastische_geschichten,BA,
Ein Wunsch bleibt immer,,Michael Burk,,Roman,,ein_wunsch_bleibt_immer,BA,
Eine italienische Familie,,Magnani,Knaur,Roman,,eine_italienische_familie,BA,
Frühlingszeit - Osterzeit,,Michels,dtv junior,Roman,,fruehlingszeit-osterzeit,BA,
Geometrie einer Ehe,,Willi Heinrich,,Roman,,geometrie_einer_ehe,BA,
Gut geküsst ist halb gewonnen,,Rachel Gibson,Goldmann,Roman,,gut_gekuesst_ist_halb_gewonnen,BA,
Handbuch des modernen Wissens,,,,Encyclopedia,,handbuch_des_modernen_wissens,BA,
Hochzeit in St. George,,Sophia Farago,,Roman,,hochzeit_in_st_george,BA,
Höhenflug abwärts,,Jana Frey,,Roman,,hoehenflug_abwaerts,BA,
Ich hörte die Eule, sie rief meinen Namen,,Margaret Craven,ro ro ro,Roman,,ich_hoerte_die_eule,BA,
Karussell des Lebens,,Rosamunde Pilcher,ro ro ro,Roman,,Karussell_des_lebens,BA,
Kindheit bei Scientology,,Ursula Caberta,G,Roman,,kindheit_bei_scientology,BA,
Kramer gegen Kramer,,Avery Corman,,Roman,,kramer_gegen_kramer,BA,
Licht im August,,William Faulkner,,Roman,,licht_im_august,BA,
Lorettas letzter Vorhang,,Petra Oelker,ro ro ro,Roman,,lorettas_letzter_vorhang,BA,
Mein linker Fuss,,Christy Brown,Henssel,Roman,,mein_linker_fuss,BA,
Nummer fünf - so leid es mir tut,,Stefan Murr,,Roman,,nummer_fuenf_so_leid_es_mir_tut,BA,
Poesieverse fürs Album,Kluge Köpfchen,Fix und Foxi,Moewig,Roman,,poesieverse_fuers_album,BA,
Porgy und Bess,,DuBose Heyward,,Roman,,porgy_und_bess,BA,
Rheingold,,Stephan Grundy,,Roman,,rheingold,BA,
Schummeln - aber richtig,,Brockmann,Brockmann,School,,schummeln-aber_richtig,BA,
Schwarzer Winter,,Peter Millar,Bastei Lübbe,Roman,,schwarzer_winter,BA,
Stahl,,Armin Mueller,Heyne Filmbibilothek,Roman,,stahl,BA,
Von Hamburg nach Yukon Bay,,,spoon edition,Roman,,von_hamburg_nach_yukon_bay,BA,
Alles was ich will ist alles,,Preminger,,Roman,,was_ich_will_ist_alles,BA,
Weihnachtliches aus Pommern,,Granzow,,Roman,,Weihnachtliches_aus_pommern,BA,
Winterwunder,,Nora Roberts,Heyne,Roman,,winterwunder,BA,
Wir sind die Hälfte,,,,Roman,,wir_sind_die_haelfte,BA,
Zur Liebe geschaffen,,Benedikt XVI.,benno,Roman,,zur_liebe_geschaffen,BA,
The best of Betjeman,,Selected by John Guest,,Roman,,the_best_of_betjeman,HI-1,
Nur ein Frühlingshauch,,Erica James,,Roman,,nur_ein_fruehlingshauch,HI-1,
Langoliers,,Stephen King,Heyne,Roman,,langoliers,HI-1,
Sakrileg,,Dan Brown,Bastei Lübbe,Roman,,sakrileg,HI-1,
Das Leuchten der Orchideen,,Di Morrissey,Kaur,Roman,,das_leuchten_der_orchideen,HI-1,
Wo das Glück wartet,,Nora Roberts u. a.,Jade,Roman,,wo_das_glueck_wartet,HI-1,
Sinuhe der Ägypter,,Mika Waltaro,Weltbild Verlag,Roman,,der_aegypter,HI-1,
Großstadtrevier,Wachgeküsst,Jan Schröter,vgs,Roman,,wachgekuesst,HI-1,
Privatdetektiv Perry Clifton,,Wolfgang Ecke,Loewes,Roman,,privatedetektiv_perryclifton,HI-1,
Jeanne in den Gärten,,Fanny Deschamps,,Roman,,jeanne_in_den_gaerten,HI-1,
Einen Stein für Danny Fisher,,Robbins,ro ro ro,Roman,,ein_stein_fuer_danny_fisher,HL-1,
Pro und Contra,,Summerhill,ro ro ro,Roman,,pro_und_contra,HL-1,
Tini und der rote Luftballon,,K. Theuermeister,Karo Buch,Roman,,tini_und_der_grosse_luftballon,HL-1,
Wer aaahh sagt...,,Richard Gordon,,Roman,,wer_aah_sagt,HL-1,
Glatteis,,John Sherwood,,Roman,,glatteis,HL-1,
Das neue Fischkochbuch,,Böttiger/Froidl,Heyne,Cooking,,das_neue_fischkochbuch,HL-1,
Sophies Entscheidung,,Styron,Knaur,Roman,,sophies_entscheidung,HL-1,
Das grosse Heimweh,,Rudolf Herzog,,Roman,,das_grosse_heimweh,HL-1,
Tine Kirstandt,,F. H. Pohl,,Roman,,tine_kirstand,HL-1,
Fit & Schön,Brigitte,Karin Felix,G,Roman,,fit_und_schoen,HL-1,
Adler uber den Wolken,,Wilbur Smith,Bastei Lübbe,Roman,,adler_uber_den_wolken,HL-1,
Love Story,,,,Roman,,lovestory,HL-1,
VOB/VOL/HOAI,,Beck-Texte,dtv,Roman,,vob_vol_hoai,HL-1,
Strega,,Vachss,,Roman,,strega,HL-1,
Alle Menschen werden Brüder,,Simmel,Knaur,Roman,,alle_menschen_werden_brueder,HL-1,
Der Mitternachtsclub,,James Patterson,Econ List,Roman,,der_mitternachtsclub,HL-1,
Sagenwelt der Fantasy,,Iaac Asimov,Bastei Lübbe,Roman,,sagenwelt_der_fantasy,HL-1,
Frühling einen Sommer lang,,Herman Paucher,,Roman,,fruehing_einen_sommer_lang,HL-1,
Feuer- Bucht,,Patricia Shaw,CP,Roman,,feuerbucht,HL-1,
Sag mir AufWiedersehen,,Alexandra Cordes,,Roman,,sag_mir_aufwiedersehen,HL-1,
Der rote Marder,,Peter Nisser,,Roman,,der_rote_marder,HL-1,
Die Löwin von SanMarino,,Gaby von Schöntban,,Roman,,die_loewin_von_sanmarino,HL-1,
Amber,,Kathleen Winsor,,Roman,,amber,HL-1,
Es geschah an einem Mittwoch,,Ben Harder,Karo Buch,Roman,,es_heschah_an_einem_mittwoch,HL-1,
Rose und Schwert Lerche und Löwe Pupur und Diamant,,Sandra Paretti,G,Roman,,rose_und_schwert,HL-1,
Weber auf dem Welttheater,,Hans Schnoor,,Roman,,weber_auf_dem_welttheather,HL-1,
Ansischten eines Clowns Billiard um halb zehn,,Heinrich Böll,Lingen,Roman,,ansichten_eines_clowns,HL-1,
Ich tanze so schnell ich kann,,Barbara Gordon,ro ro ro,Roman,,ich_tanzte_so_schnell_ich_kann,HL-1,
Die ersten drei Lebensjahre,,Doro Kammerer,dtv,Advices,,die_ersten_drei_lebensjahre,HL-1,
Praxis Sprache 7,,,Westermann,School,,praxissprache_7,HL-1,
Das Rentiervolk,,Megan Lindhorn,Heyne,Roman,,das_rentiervolk,HL-1,
Moderne türkische Erzählungen,,,dtv zweisprachig,History,,moderne_tuerkische_klassiker,HL-1,
Schwere Entscheidung für Astrid,,Diessel,GJB,Roman,,entscheidung_fuer_astrid,HL-1,
Beruf aktuell 2002/2003,,,Bundesanstalt für Arbeit,Advices,,beruf_aktuell_02_03,HL-1,
Die Outsider,,Susan E. Hinton,dtv junior,Roman,,die_outsider,HL-1,
Kleine Madonna,,Theodor Kröger,,Roman,,kleine_madonna,HL-1,
Der Eindring- ling,,Hortense Galisher,,Roman,,der_eindringling,HL-1,
Die Phaspsodien von der Freude,,P.Steinmüller,,Roman,,die_rhapsodien_von_der_freude,HL-1,
Stufen,,Christian Morgenstern,,Roman,,stufen,HL-1,
Ein ausgesprochen nettes Tier,,Riehl,,Roman,,ein_ausgesprochen_nettes_tier,HL-1,
Kleine Welt im Tessin,,Kathrin Rüegg,,Roman,,kleine_welt_im_tessin,HL-1,
Die Frauen des Hauses Wu,,Pearl S. Buck,,Roman,,die_frau_des_hauses_wu,HL-1,
Nicht ohne meine Mutter,Erfahrungen,Meral Al-Mer,Bastei Lübbe,Roman,,nciht_ohne_meine_mutter,HL-1,
Furcht und Mitleid,,Alice Ecker- Rotholz,,Roman,,furcht_und_mitleid,HL-1,
Glück unter dem Regenbogen,,Bela,,Roman,,glueck_unterm_regenbogen,HL-1,
Wagner,,A.C.H.Smith,Heyne,Roman,,wagner,HL-1,
Der Efeubaum,,Mary Stewart,Heyne,Roman,,der_efeubaum,HL-1,
Die Quints,,Christine Brückner,,Roman,,die_quints,HL-1,
Da wir uns Lieben,,Marie Louise Fischer,Heyne,Roman,,da_wir_uns_lieben,HL-1,
Ein langer Sommer,,Alfred Coppel,G,Roman,,ein_langer_sommer,HL-1,
